<?xml version="1.0" encoding="utf-16"?><SoapResponse xmlns:xsd="http://www.w3.org/2001/XMLSchema" xmlns:xsi="http://www.w3.org/2001/XMLSchema-instance"><IsOk>false</IsOk><ResultCode>1</ResultCode><ErrorTryCatch /><MessageLogs><MessageLogResponse><SeverityCode>3</SeverityCode><ErrorCode>MSG07</ErrorCode><ErrorDescription>The declaration exists and could not be updated by operation 'create' of the serviceOV100505295700000003</ErrorDescription></MessageLogResponse><MessageLogResponse><SeverityCode>3</SeverityCode><ErrorCode>MSG07</ErrorCode><ErrorDescription>The declaration exists and could not be updated by operation 'create' of the serviceOV100505295700000003</ErrorDescription></MessageLogResponse><MessageLogResponse><SeverityCode>3</SeverityCode><ErrorCode>MSG07</ErrorCode><ErrorDescription>The declaration exists and could not be updated by operation 'create' of the serviceOV100505295700000003</ErrorDescription></MessageLogResponse><MessageLogResponse><SeverityCode>3</SeverityCode><ErrorCode>MSG07</ErrorCode><ErrorDescription>The declaration exists and could not be updated by operation 'create' of the serviceOV100505295700000003</ErrorDescription></MessageLogResponse><MessageLogResponse><SeverityCode>3</SeverityCode><ErrorCode>MSG07</ErrorCode><ErrorDescription>The declaration exists and could not be updated by operation 'create' of the serviceOV100505295700000003</ErrorDescription></MessageLogResponse><MessageLogResponse><SeverityCode>3</SeverityCode><ErrorCode>MSG07</ErrorCode><ErrorDescription>The declaration exists and could not be updated by operation 'create' of the serviceOV100505295700000003</ErrorDescription></MessageLogResponse><MessageLogResponse><SeverityCode>3</SeverityCode><ErrorCode>MSG07</ErrorCode><ErrorDescription>The declaration exists and could not be updated by operation 'create' of the serviceOV100505295700000003</ErrorDescription></MessageLogResponse><MessageLogResponse><SeverityCode>3</SeverityCode><ErrorCode>MSG07</ErrorCode><ErrorDescription>The declaration exists and could not be updated by operation 'create' of the serviceOV100505295700000003</ErrorDescription></MessageLogResponse><MessageLogResponse><SeverityCode>3</SeverityCode><ErrorCode>MSG07</ErrorCode><ErrorDescription>The declaration exists and could not be updated by operation 'create' of the serviceOV100505295700000003</ErrorDescription></MessageLogResponse><MessageLogResponse><SeverityCode>3</SeverityCode><ErrorCode>MSG07</ErrorCode><ErrorDescription>The declaration exists and could not be updated by operation 'create' of the serviceOV100505295700000003</ErrorDescription></MessageLogResponse><MessageLogResponse><SeverityCode>3</SeverityCode><ErrorCode>MSG07</ErrorCode><ErrorDescription>The declaration exists and could not be updated by operation 'create' of the serviceOV100505295700000003</ErrorDescription></MessageLogResponse><MessageLogResponse><SeverityCode>3</SeverityCode><ErrorCode>MSG07</ErrorCode><ErrorDescription>The declaration exists and could not be updated by operation 'create' of the serviceOV100505295700000003</ErrorDescription></MessageLogResponse><MessageLogResponse><SeverityCode>3</SeverityCode><ErrorCode>MSG07</ErrorCode><ErrorDescription>The declaration exists and could not be updated by operation 'create' of the serviceOV100505295700000003</ErrorDescription></MessageLogResponse><MessageLogResponse><SeverityCode>3</SeverityCode><ErrorCode>MSG07</ErrorCode><ErrorDescription>The declaration exists and could not be updated by operation 'create' of the serviceOV100505295700000003</ErrorDescription></MessageLogResponse><MessageLogResponse><SeverityCode>3</SeverityCode><ErrorCode>MSG07</ErrorCode><ErrorDescription>The declaration exists and could not be updated by operation 'create' of the serviceOV100505295700000003</ErrorDescription></MessageLogResponse><MessageLogResponse><SeverityCode>3</SeverityCode><ErrorCode>MSG07</ErrorCode><ErrorDescription>The declaration exists and could not be updated by operation 'create' of the serviceOV100505295700000003</ErrorDescription></MessageLogResponse><MessageLogResponse><SeverityCode>3</SeverityCode><ErrorCode>MSG07</ErrorCode><ErrorDescription>The declaration exists and could not be updated by operation 'create' of the serviceOV100505295700000003</ErrorDescription></MessageLogResponse><MessageLogResponse><SeverityCode>3</SeverityCode><ErrorCode>MSG07</ErrorCode><ErrorDescription>The declaration exists and could not be updated by operation 'create' of the serviceOV100505295700000003</ErrorDescription></MessageLogResponse><MessageLogResponse><SeverityCode>3</SeverityCode><ErrorCode>MSG07</ErrorCode><ErrorDescription>The declaration exists and could not be updated by operation 'create' of the serviceOV100505295700000003</ErrorDescription></MessageLogResponse><MessageLogResponse><SeverityCode>3</SeverityCode><ErrorCode>MSG07</ErrorCode><ErrorDescription>The declaration exists and could not be updated by operation 'create' of the serviceOV100505295700000003</ErrorDescription></MessageLogResponse><MessageLogResponse><SeverityCode>3</SeverityCode><ErrorCode>MSG07</ErrorCode><ErrorDescription>The declaration exists and could not be updated by operation 'create' of the serviceOV100505295700000003</ErrorDescription></MessageLogResponse><MessageLogResponse><SeverityCode>3</SeverityCode><ErrorCode>MSG07</ErrorCode><ErrorDescription>The declaration exists and could not be updated by operation 'create' of the serviceOV100505295700000003</ErrorDescription></MessageLogResponse><MessageLogResponse><SeverityCode>3</SeverityCode><ErrorCode>MSG07</ErrorCode><ErrorDescription>The declaration exists and could not be updated by operation 'create' of the serviceOV100505295700000003</ErrorDescription></MessageLogResponse><MessageLogResponse><SeverityCode>3</SeverityCode><ErrorCode>MSG07</ErrorCode><ErrorDescription>The declaration exists and could not be updated by operation 'create' of the serviceOV100505295700000003</ErrorDescription></MessageLogResponse><MessageLogResponse><SeverityCode>3</SeverityCode><ErrorCode>MSG07</ErrorCode><ErrorDescription>The declaration exists and could not be updated by operation 'create' of the serviceOV100505295700000003</ErrorDescription></MessageLogResponse><MessageLogResponse><SeverityCode>3</SeverityCode><ErrorCode>MSG07</ErrorCode><ErrorDescription>The declaration exists and could not be updated by operation 'create' of the serviceOV100505295700000003</ErrorDescription></MessageLogResponse><MessageLogResponse><SeverityCode>3</SeverityCode><ErrorCode>MSG07</ErrorCode><ErrorDescription>The declaration exists and could not be updated by operation 'create' of the serviceOV100505295700000003</ErrorDescription></MessageLogResponse><MessageLogResponse><SeverityCode>3</SeverityCode><ErrorCode>MSG07</ErrorCode><ErrorDescription>The declaration exists and could not be updated by operation 'create' of the serviceOV100505295700000003</ErrorDescription></MessageLogResponse><MessageLogResponse><SeverityCode>3</SeverityCode><ErrorCode>MSG07</ErrorCode><ErrorDescription>The declaration exists and could not be updated by operation 'create' of the serviceOV100505295700000003</ErrorDescription></MessageLogResponse><MessageLogResponse><SeverityCode>3</SeverityCode><ErrorCode>MSG07</ErrorCode><ErrorDescription>The declaration exists and could not be updated by operation 'create' of the serviceOV100505295700000003</ErrorDescription></MessageLogResponse><MessageLogResponse><SeverityCode>3</SeverityCode><ErrorCode>MSG07</ErrorCode><ErrorDescription>The declaration exists and could not be updated by operation 'create' of the serviceOV100505295700000003</ErrorDescription></MessageLogResponse><MessageLogResponse><SeverityCode>3</SeverityCode><ErrorCode>MSG07</ErrorCode><ErrorDescription>The declaration exists and could not be updated by operation 'create' of the serviceOV100505295700000003</ErrorDescription></MessageLogResponse><MessageLogResponse><SeverityCode>3</SeverityCode><ErrorCode>MSG07</ErrorCode><ErrorDescription>The declaration exists and could not be updated by operation 'create' of the serviceOV100505295700000003</ErrorDescription></MessageLogResponse><MessageLogResponse><SeverityCode>3</SeverityCode><ErrorCode>MSG07</ErrorCode><ErrorDescription>The declaration exists and could not be updated by operation 'create' of the serviceOV100505295700000003</ErrorDescription></MessageLogResponse><MessageLogResponse><SeverityCode>3</SeverityCode><ErrorCode>MSG07</ErrorCode><ErrorDescription>The declaration exists and could not be updated by operation 'create' of the serviceOV100505295700000003</ErrorDescription></MessageLogResponse><MessageLogResponse><SeverityCode>3</SeverityCode><ErrorCode>MSG07</ErrorCode><ErrorDescription>The declaration exists and could not be updated by operation 'create' of the serviceOV100505295700000003</ErrorDescription></MessageLogResponse><MessageLogResponse><SeverityCode>3</SeverityCode><ErrorCode>MSG07</ErrorCode><ErrorDescription>The declaration exists and could not be updated by operation 'create' of the serviceOV100505295700000003</ErrorDescription></MessageLogResponse><MessageLogResponse><SeverityCode>3</SeverityCode><ErrorCode>MSG07</ErrorCode><ErrorDescription>The declaration exists and could not be updated by operation 'create' of the serviceOV100505295700000003</ErrorDescription></MessageLogResponse><MessageLogResponse><SeverityCode>3</SeverityCode><ErrorCode>MSG07</ErrorCode><ErrorDescription>The declaration exists and could not be updated by operation 'create' of the serviceOV100505295700000003</ErrorDescription></MessageLogResponse><MessageLogResponse><SeverityCode>3</SeverityCode><ErrorCode>MSG07</ErrorCode><ErrorDescription>The declaration exists and could not be updated by operation 'create' of the serviceOV100505295700000003</ErrorDescription></MessageLogResponse><MessageLogResponse><SeverityCode>3</SeverityCode><ErrorCode>MSG07</ErrorCode><ErrorDescription>The declaration exists and could not be updated by operation 'create' of the serviceOV100505295700000003</ErrorDescription></MessageLogResponse><MessageLogResponse><SeverityCode>3</SeverityCode><ErrorCode>MSG07</ErrorCode><ErrorDescription>The declaration exists and could not be updated by operation 'create' of the serviceOV100505295700000003</ErrorDescription></MessageLogResponse><MessageLogResponse><SeverityCode>3</SeverityCode><ErrorCode>MSG07</ErrorCode><ErrorDescription>The declaration exists and could not be updated by operation 'create' of the serviceOV100505295700000003</ErrorDescription></MessageLogResponse><MessageLogResponse><SeverityCode>3</SeverityCode><ErrorCode>MSG07</ErrorCode><ErrorDescription>The declaration exists and could not be updated by operation 'create' of the serviceOV100505295700000003</ErrorDescription></MessageLogResponse><MessageLogResponse><SeverityCode>3</SeverityCode><ErrorCode>MSG07</ErrorCode><ErrorDescription>The declaration exists and could not be updated by operation 'create' of the serviceOV100505295700000003</ErrorDescription></MessageLogResponse><MessageLogResponse><SeverityCode>3</SeverityCode><ErrorCode>MSG07</ErrorCode><ErrorDescription>The declaration exists and could not be updated by operation 'create' of the serviceOV100505295700000003</ErrorDescription></MessageLogResponse><MessageLogResponse><SeverityCode>3</SeverityCode><ErrorCode>MSG07</ErrorCode><ErrorDescription>The declaration exists and could not be updated by operation 'create' of the serviceOV100505295700000003</ErrorDescription></MessageLogResponse><MessageLogResponse><SeverityCode>3</SeverityCode><ErrorCode>MSG07</ErrorCode><ErrorDescription>The declaration exists and could not be updated by operation 'create' of the serviceOV100505295700000003</ErrorDescription></MessageLogResponse><MessageLogResponse><SeverityCode>3</SeverityCode><ErrorCode>MSG07</ErrorCode><ErrorDescription>The declaration exists and could not be updated by operation 'create' of the serviceOV100505295700000003</ErrorDescription></MessageLogResponse><MessageLogResponse><SeverityCode>3</SeverityCode><ErrorCode>MSG07</ErrorCode><ErrorDescription>The declaration exists and could not be updated by operation 'create' of the serviceOV100505295700000003</ErrorDescription></MessageLogResponse><MessageLogResponse><SeverityCode>3</SeverityCode><ErrorCode>MSG07</ErrorCode><ErrorDescription>The declaration exists and could not be updated by operation 'create' of the serviceOV100505295700000003</ErrorDescription></MessageLogResponse><MessageLogResponse><SeverityCode>3</SeverityCode><ErrorCode>MSG07</ErrorCode><ErrorDescription>The declaration exists and could not be updated by operation 'create' of the serviceOV100505295700000003</ErrorDescription></MessageLogResponse><MessageLogResponse><SeverityCode>3</SeverityCode><ErrorCode>MSG07</ErrorCode><ErrorDescription>The declaration exists and could not be updated by operation 'create' of the serviceOV100505295700000003</ErrorDescription></MessageLogResponse><MessageLogResponse><SeverityCode>3</SeverityCode><ErrorCode>MSG07</ErrorCode><ErrorDescription>The declaration exists and could not be updated by operation 'create' of the serviceOV100505295700000003</ErrorDescription></MessageLogResponse><MessageLogResponse><SeverityCode>3</SeverityCode><ErrorCode>MSG07</ErrorCode><ErrorDescription>The declaration exists and could not be updated by operation 'create' of the serviceOV100505295700000003</ErrorDescription></MessageLogResponse><MessageLogResponse><SeverityCode>3</SeverityCode><ErrorCode>MSG07</ErrorCode><ErrorDescription>The declaration exists and could not be updated by operation 'create' of the serviceOV100505295700000003</ErrorDescription></MessageLogResponse><MessageLogResponse><SeverityCode>3</SeverityCode><ErrorCode>MSG07</ErrorCode><ErrorDescription>The declaration exists and could not be updated by operation 'create' of the serviceOV100505295700000003</ErrorDescription></MessageLogResponse><MessageLogResponse><SeverityCode>3</SeverityCode><ErrorCode>MSG07</ErrorCode><ErrorDescription>The declaration exists and could not be updated by operation 'create' of the serviceOV100505295700000003</ErrorDescription></MessageLogResponse><MessageLogResponse><SeverityCode>3</SeverityCode><ErrorCode>MSG07</ErrorCode><ErrorDescription>The declaration exists and could not be updated by operation 'create' of the serviceOV100505295700000003</ErrorDescription></MessageLogResponse><MessageLogResponse><SeverityCode>3</SeverityCode><ErrorCode>MSG07</ErrorCode><ErrorDescription>The declaration exists and could not be updated by operation 'create' of the serviceOV100505295700000003</ErrorDescription></MessageLogResponse><MessageLogResponse><SeverityCode>3</SeverityCode><ErrorCode>MSG07</ErrorCode><ErrorDescription>The declaration exists and could not be updated by operation 'create' of the serviceOV100505295700000003</ErrorDescription></MessageLogResponse><MessageLogResponse><SeverityCode>3</SeverityCode><ErrorCode>MSG07</ErrorCode><ErrorDescription>The declaration exists and could not be updated by operation 'create' of the serviceOV100505295700000003</ErrorDescription></MessageLogResponse><MessageLogResponse><SeverityCode>3</SeverityCode><ErrorCode>MSG07</ErrorCode><ErrorDescription>The declaration exists and could not be updated by operation 'create' of the serviceOV100505295700000003</ErrorDescription></MessageLogResponse><MessageLogResponse><SeverityCode>3</SeverityCode><ErrorCode>MSG07</ErrorCode><ErrorDescription>The declaration exists and could not be updated by operation 'create' of the serviceOV100505295700000003</ErrorDescription></MessageLogResponse><MessageLogResponse><SeverityCode>3</SeverityCode><ErrorCode>MSG07</ErrorCode><ErrorDescription>The declaration exists and could not be updated by operation 'create' of the serviceOV100505295700000003</ErrorDescription></MessageLogResponse><MessageLogResponse><SeverityCode>3</SeverityCode><ErrorCode>MSG07</ErrorCode><ErrorDescription>The declaration exists and could not be updated by operation 'create' of the serviceOV100505295700000003</ErrorDescription></MessageLogResponse><MessageLogResponse><SeverityCode>3</SeverityCode><ErrorCode>MSG07</ErrorCode><ErrorDescription>The declaration exists and could not be updated by operation 'create' of the serviceOV100505295700000003</ErrorDescription></MessageLogResponse><MessageLogResponse><SeverityCode>3</SeverityCode><ErrorCode>MSG07</ErrorCode><ErrorDescription>The declaration exists and could not be updated by operation 'create' of the serviceOV100505295700000003</ErrorDescription></MessageLogResponse><MessageLogResponse><SeverityCode>3</SeverityCode><ErrorCode>MSG07</ErrorCode><ErrorDescription>The declaration exists and could not be updated by operation 'create' of the serviceOV100505295700000003</ErrorDescription></MessageLogResponse><MessageLogResponse><SeverityCode>3</SeverityCode><ErrorCode>MSG07</ErrorCode><ErrorDescription>The declaration exists and could not be updated by operation 'create' of the serviceOV100505295700000003</ErrorDescription></MessageLogResponse><MessageLogResponse><SeverityCode>3</SeverityCode><ErrorCode>MSG07</ErrorCode><ErrorDescription>The declaration exists and could not be updated by operation 'create' of the serviceOV100505295700000003</ErrorDescription></MessageLogResponse><MessageLogResponse><SeverityCode>3</SeverityCode><ErrorCode>MSG07</ErrorCode><ErrorDescription>The declaration exists and could not be updated by operation 'create' of the serviceOV100505295700000003</ErrorDescription></MessageLogResponse><MessageLogResponse><SeverityCode>3</SeverityCode><ErrorCode>MSG07</ErrorCode><ErrorDescription>The declaration exists and could not be updated by operation 'create' of the serviceOV100505295700000003</ErrorDescription></MessageLogResponse><MessageLogResponse><SeverityCode>3</SeverityCode><ErrorCode>MSG07</ErrorCode><ErrorDescription>The declaration exists and could not be updated by operation 'create' of the serviceOV100505295700000003</ErrorDescription></MessageLogResponse><MessageLogResponse><SeverityCode>3</SeverityCode><ErrorCode>MSG07</ErrorCode><ErrorDescription>The declaration exists and could not be updated by operation 'create' of the serviceOV100505295700000003</ErrorDescription></MessageLogResponse><MessageLogResponse><SeverityCode>3</SeverityCode><ErrorCode>MSG07</ErrorCode><ErrorDescription>The declaration exists and could not be updated by operation 'create' of the serviceOV100505295700000003</ErrorDescription></MessageLogResponse><MessageLogResponse><SeverityCode>3</SeverityCode><ErrorCode>MSG07</ErrorCode><ErrorDescription>The declaration exists and could not be updated by operation 'create' of the serviceOV100505295700000003</ErrorDescription></MessageLogResponse><MessageLogResponse><SeverityCode>3</SeverityCode><ErrorCode>MSG07</ErrorCode><ErrorDescription>The declaration exists and could not be updated by operation 'create' of the serviceOV100505295700000003</ErrorDescription></MessageLogResponse><MessageLogResponse><SeverityCode>3</SeverityCode><ErrorCode>MSG07</ErrorCode><ErrorDescription>The declaration exists and could not be updated by operation 'create' of the serviceOV100505295700000003</ErrorDescription></MessageLogResponse><MessageLogResponse><SeverityCode>3</SeverityCode><ErrorCode>MSG07</ErrorCode><ErrorDescription>The declaration exists and could not be updated by operation 'create' of the serviceOV100505295700000003</ErrorDescription></MessageLogResponse><MessageLogResponse><SeverityCode>3</SeverityCode><ErrorCode>MSG07</ErrorCode><ErrorDescription>The declaration exists and could not be updated by operation 'create' of the serviceOV100505295700000003</ErrorDescription></MessageLogResponse><MessageLogResponse><SeverityCode>3</SeverityCode><ErrorCode>MSG07</ErrorCode><ErrorDescription>The declaration exists and could not be updated by operation 'create' of the serviceOV100505295700000003</ErrorDescription></MessageLogResponse><MessageLogResponse><SeverityCode>3</SeverityCode><ErrorCode>MSG07</ErrorCode><ErrorDescription>The declaration exists and could not be updated by operation 'create' of the serviceOV100505295700000003</ErrorDescription></MessageLogResponse><MessageLogResponse><SeverityCode>3</SeverityCode><ErrorCode>MSG07</ErrorCode><ErrorDescription>The declaration exists and could not be updated by operation 'create' of the serviceOV100505295700000003</ErrorDescription></MessageLogResponse><MessageLogResponse><SeverityCode>3</SeverityCode><ErrorCode>MSG07</ErrorCode><ErrorDescription>The declaration exists and could not be updated by operation 'create' of the serviceOV100505295700000003</ErrorDescription></MessageLogResponse><MessageLogResponse><SeverityCode>3</SeverityCode><ErrorCode>MSG07</ErrorCode><ErrorDescription>The declaration exists and could not be updated by operation 'create' of the serviceOV100505295700000003</ErrorDescription></MessageLogResponse><MessageLogResponse><SeverityCode>3</SeverityCode><ErrorCode>MSG07</ErrorCode><ErrorDescription>The declaration exists and could not be updated by operation 'create' of the serviceOV100505295700000003</ErrorDescription></MessageLogResponse><MessageLogResponse><SeverityCode>3</SeverityCode><ErrorCode>MSG07</ErrorCode><ErrorDescription>The declaration exists and could not be updated by operation 'create' of the serviceOV100505295700000003</ErrorDescription></MessageLogResponse><MessageLogResponse><SeverityCode>3</SeverityCode><ErrorCode>MSG07</ErrorCode><ErrorDescription>The declaration exists and could not be updated by operation 'create' of the serviceOV100505295700000003</ErrorDescription></MessageLogResponse><MessageLogResponse><SeverityCode>3</SeverityCode><ErrorCode>MSG07</ErrorCode><ErrorDescription>The declaration exists and could not be updated by operation 'create' of the serviceOV100505295700000003</ErrorDescription></MessageLogResponse><MessageLogResponse><SeverityCode>3</SeverityCode><ErrorCode>MSG07</ErrorCode><ErrorDescription>The declaration exists and could not be updated by operation 'create' of the serviceOV100505295700000003</ErrorDescription></MessageLogResponse><MessageLogResponse><SeverityCode>3</SeverityCode><ErrorCode>MSG07</ErrorCode><ErrorDescription>The declaration exists and could not be updated by operation 'create' of the serviceOV100505295700000003</ErrorDescription></MessageLogResponse><MessageLogResponse><SeverityCode>3</SeverityCode><ErrorCode>MSG07</ErrorCode><ErrorDescription>The declaration exists and could not be updated by operation 'create' of the serviceOV100505295700000003</ErrorDescription></MessageLogResponse><MessageLogResponse><SeverityCode>3</SeverityCode><ErrorCode>MSG07</ErrorCode><ErrorDescription>The declaration exists and could not be updated by operation 'create' of the serviceOV100505295700000003</ErrorDescription></MessageLogResponse><MessageLogResponse><SeverityCode>3</SeverityCode><ErrorCode>MSG07</ErrorCode><ErrorDescription>The declaration exists and could not be updated by operation 'create' of the serviceOV100505295700000003</ErrorDescription></MessageLogResponse><MessageLogResponse><SeverityCode>3</SeverityCode><ErrorCode>MSG07</ErrorCode><ErrorDescription>The declaration exists and could not be updated by operation 'create' of the serviceOV100505295700000003</ErrorDescription></MessageLogResponse><MessageLogResponse><SeverityCode>3</SeverityCode><ErrorCode>MSG07</ErrorCode><ErrorDescription>The declaration exists and could not be updated by operation 'create' of the serviceOV100505295700000003</ErrorDescription></MessageLogResponse><MessageLogResponse><SeverityCode>3</SeverityCode><ErrorCode>MSG07</ErrorCode><ErrorDescription>The declaration exists and could not be updated by operation 'create' of the serviceOV100505295700000003</ErrorDescription></MessageLogResponse><MessageLogResponse><SeverityCode>3</SeverityCode><ErrorCode>MSG07</ErrorCode><ErrorDescription>The declaration exists and could not be updated by operation 'create' of the serviceOV100505295700000003</ErrorDescription></MessageLogResponse><MessageLogResponse><SeverityCode>3</SeverityCode><ErrorCode>MSG07</ErrorCode><ErrorDescription>The declaration exists and could not be updated by operation 'create' of the serviceOV100505295700000003</ErrorDescription></MessageLogResponse><MessageLogResponse><SeverityCode>3</SeverityCode><ErrorCode>MSG07</ErrorCode><ErrorDescription>The declaration exists and could not be updated by operation 'create' of the serviceOV100505295700000003</ErrorDescription></MessageLogResponse><MessageLogResponse><SeverityCode>3</SeverityCode><ErrorCode>MSG07</ErrorCode><ErrorDescription>The declaration exists and could not be updated by operation 'create' of the serviceOV100505295700000003</ErrorDescription></MessageLogResponse><MessageLogResponse><SeverityCode>3</SeverityCode><ErrorCode>MSG07</ErrorCode><ErrorDescription>The declaration exists and could not be updated by operation 'create' of the serviceOV100505295700000003</ErrorDescription></MessageLogResponse><MessageLogResponse><SeverityCode>3</SeverityCode><ErrorCode>MSG07</ErrorCode><ErrorDescription>The declaration exists and could not be updated by operation 'create' of the serviceOV100505295700000003</ErrorDescription></MessageLogResponse><MessageLogResponse><SeverityCode>3</SeverityCode><ErrorCode>MSG07</ErrorCode><ErrorDescription>The declaration exists and could not be updated by operation 'create' of the serviceOV100505295700000003</ErrorDescription></MessageLogResponse><MessageLogResponse><SeverityCode>3</SeverityCode><ErrorCode>MSG07</ErrorCode><ErrorDescription>The declaration exists and could not be updated by operation 'create' of the serviceOV100505295700000003</ErrorDescription></MessageLogResponse><MessageLogResponse><SeverityCode>3</SeverityCode><ErrorCode>MSG07</ErrorCode><ErrorDescription>The declaration exists and could not be updated by operation 'create' of the serviceOV100505295700000003</ErrorDescription></MessageLogResponse><MessageLogResponse><SeverityCode>3</SeverityCode><ErrorCode>MSG07</ErrorCode><ErrorDescription>The declaration exists and could not be updated by operation 'create' of the serviceOV100505295700000003</ErrorDescription></MessageLogResponse><MessageLogResponse><SeverityCode>3</SeverityCode><ErrorCode>MSG07</ErrorCode><ErrorDescription>The declaration exists and could not be updated by operation 'create' of the serviceOV100505295700000003</ErrorDescription></MessageLogResponse><MessageLogResponse><SeverityCode>3</SeverityCode><ErrorCode>MSG07</ErrorCode><ErrorDescription>The declaration exists and could not be updated by operation 'create' of the serviceOV100505295700000003</ErrorDescription></MessageLogResponse><MessageLogResponse><SeverityCode>3</SeverityCode><ErrorCode>MSG07</ErrorCode><ErrorDescription>The declaration exists and could not be updated by operation 'create' of the serviceOV100505295700000003</ErrorDescription></MessageLogResponse><MessageLogResponse><SeverityCode>3</SeverityCode><ErrorCode>MSG07</ErrorCode><ErrorDescription>The declaration exists and could not be updated by operation 'create' of the serviceOV100505295700000003</ErrorDescription></MessageLogResponse><MessageLogResponse><SeverityCode>3</SeverityCode><ErrorCode>MSG07</ErrorCode><ErrorDescription>The declaration exists and could not be updated by operation 'create' of the serviceOV100505295700000003</ErrorDescription></MessageLogResponse><MessageLogResponse><SeverityCode>3</SeverityCode><ErrorCode>MSG07</ErrorCode><ErrorDescription>The declaration exists and could not be updated by operation 'create' of the serviceOV100505295700000003</ErrorDescription></MessageLogResponse><MessageLogResponse><SeverityCode>3</SeverityCode><ErrorCode>MSG07</ErrorCode><ErrorDescription>The declaration exists and could not be updated by operation 'create' of the serviceOV100505295700000003</ErrorDescription></MessageLogResponse><MessageLogResponse><SeverityCode>3</SeverityCode><ErrorCode>MSG07</ErrorCode><ErrorDescription>The declaration exists and could not be updated by operation 'create' of the serviceOV100505295700000003</ErrorDescription></MessageLogResponse><MessageLogResponse><SeverityCode>3</SeverityCode><ErrorCode>MSG07</ErrorCode><ErrorDescription>The declaration exists and could not be updated by operation 'create' of the serviceOV100505295700000003</ErrorDescription></MessageLogResponse><MessageLogResponse><SeverityCode>3</SeverityCode><ErrorCode>MSG07</ErrorCode><ErrorDescription>The declaration exists and could not be updated by operation 'create' of the serviceOV100505295700000003</ErrorDescription></MessageLogResponse><MessageLogResponse><SeverityCode>3</SeverityCode><ErrorCode>MSG07</ErrorCode><ErrorDescription>The declaration exists and could not be updated by operation 'create' of the serviceOV100505295700000003</ErrorDescription></MessageLogResponse><MessageLogResponse><SeverityCode>3</SeverityCode><ErrorCode>MSG07</ErrorCode><ErrorDescription>The declaration exists and could not be updated by operation 'create' of the serviceOV100505295700000003</ErrorDescription></MessageLogResponse><MessageLogResponse><SeverityCode>3</SeverityCode><ErrorCode>MSG07</ErrorCode><ErrorDescription>The declaration exists and could not be updated by operation 'create' of the serviceOV100505295700000003</ErrorDescription></MessageLogResponse><MessageLogResponse><SeverityCode>3</SeverityCode><ErrorCode>MSG07</ErrorCode><ErrorDescription>The declaration exists and could not be updated by operation 'create' of the serviceOV100505295700000003</ErrorDescription></MessageLogResponse><MessageLogResponse><SeverityCode>3</SeverityCode><ErrorCode>MSG07</ErrorCode><ErrorDescription>The declaration exists and could not be updated by operation 'create' of the serviceOV100505295700000003</ErrorDescription></MessageLogResponse><MessageLogResponse><SeverityCode>3</SeverityCode><ErrorCode>MSG07</ErrorCode><ErrorDescription>The declaration exists and could not be updated by operation 'create' of the serviceOV100505295700000003</ErrorDescription></MessageLogResponse><MessageLogResponse><SeverityCode>3</SeverityCode><ErrorCode>MSG07</ErrorCode><ErrorDescription>The declaration exists and could not be updated by operation 'create' of the serviceOV100505295700000003</ErrorDescription></MessageLogResponse><MessageLogResponse><SeverityCode>3</SeverityCode><ErrorCode>MSG07</ErrorCode><ErrorDescription>The declaration exists and could not be updated by operation 'create' of the serviceOV100505295700000003</ErrorDescription></MessageLogResponse><MessageLogResponse><SeverityCode>3</SeverityCode><ErrorCode>MSG07</ErrorCode><ErrorDescription>The declaration exists and could not be updated by operation 'create' of the serviceOV100505295700000003</ErrorDescription></MessageLogResponse><MessageLogResponse><SeverityCode>3</SeverityCode><ErrorCode>MSG07</ErrorCode><ErrorDescription>The declaration exists and could not be updated by operation 'create' of the serviceOV100505295700000003</ErrorDescription></MessageLogResponse><MessageLogResponse><SeverityCode>3</SeverityCode><ErrorCode>MSG07</ErrorCode><ErrorDescription>The declaration exists and could not be updated by operation 'create' of the serviceOV100505295700000003</ErrorDescription></MessageLogResponse><MessageLogResponse><SeverityCode>3</SeverityCode><ErrorCode>MSG07</ErrorCode><ErrorDescription>The declaration exists and could not be updated by operation 'create' of the serviceOV100505295700000003</ErrorDescription></MessageLogResponse><MessageLogResponse><SeverityCode>3</SeverityCode><ErrorCode>MSG07</ErrorCode><ErrorDescription>The declaration exists and could not be updated by operation 'create' of the serviceOV100505295700000003</ErrorDescription></MessageLogResponse><MessageLogResponse><SeverityCode>3</SeverityCode><ErrorCode>MSG07</ErrorCode><ErrorDescription>The declaration exists and could not be updated by operation 'create' of the serviceOV100505295700000003</ErrorDescription></MessageLogResponse><MessageLogResponse><SeverityCode>3</SeverityCode><ErrorCode>MSG07</ErrorCode><ErrorDescription>The declaration exists and could not be updated by operation 'create' of the serviceOV100505295700000003</ErrorDescription></MessageLogResponse><MessageLogResponse><SeverityCode>3</SeverityCode><ErrorCode>MSG07</ErrorCode><ErrorDescription>The declaration exists and could not be updated by operation 'create' of the serviceOV100505295700000003</ErrorDescription></MessageLogResponse><MessageLogResponse><SeverityCode>3</SeverityCode><ErrorCode>MSG07</ErrorCode><ErrorDescription>The declaration exists and could not be updated by operation 'create' of the serviceOV100505295700000003</ErrorDescription></MessageLogResponse><MessageLogResponse><SeverityCode>3</SeverityCode><ErrorCode>MSG07</ErrorCode><ErrorDescription>The declaration exists and could not be updated by operation 'create' of the serviceOV100505295700000003</ErrorDescription></MessageLogResponse><MessageLogResponse><SeverityCode>3</SeverityCode><ErrorCode>MSG07</ErrorCode><ErrorDescription>The declaration exists and could not be updated by operation 'create' of the serviceOV100505295700000003</ErrorDescription></MessageLogResponse><MessageLogResponse><SeverityCode>3</SeverityCode><ErrorCode>MSG07</ErrorCode><ErrorDescription>The declaration exists and could not be updated by operation 'create' of the serviceOV100505295700000003</ErrorDescription></MessageLogResponse><MessageLogResponse><SeverityCode>3</SeverityCode><ErrorCode>MSG07</ErrorCode><ErrorDescription>The declaration exists and could not be updated by operation 'create' of the serviceOV100505295700000003</ErrorDescription></MessageLogResponse><MessageLogResponse><SeverityCode>3</SeverityCode><ErrorCode>MSG07</ErrorCode><ErrorDescription>The declaration exists and could not be updated by operation 'create' of the serviceOV100505295700000003</ErrorDescription></MessageLogResponse><MessageLogResponse><SeverityCode>3</SeverityCode><ErrorCode>MSG07</ErrorCode><ErrorDescription>The declaration exists and could not be updated by operation 'create' of the serviceOV100505295700000003</ErrorDescription></MessageLogResponse><MessageLogResponse><SeverityCode>3</SeverityCode><ErrorCode>MSG07</ErrorCode><ErrorDescription>The declaration exists and could not be updated by operation 'create' of the serviceOV100505295700000003</ErrorDescription></MessageLogResponse><MessageLogResponse><SeverityCode>3</SeverityCode><ErrorCode>MSG07</ErrorCode><ErrorDescription>The declaration exists and could not be updated by operation 'create' of the serviceOV100505295700000003</ErrorDescription></MessageLogResponse><MessageLogResponse><SeverityCode>3</SeverityCode><ErrorCode>MSG07</ErrorCode><ErrorDescription>The declaration exists and could not be updated by operation 'create' of the serviceOV100505295700000003</ErrorDescription></MessageLogResponse><MessageLogResponse><SeverityCode>3</SeverityCode><ErrorCode>MSG07</ErrorCode><ErrorDescription>The declaration exists and could not be updated by operation 'create' of the serviceOV100505295700000003</ErrorDescription></MessageLogResponse><MessageLogResponse><SeverityCode>3</SeverityCode><ErrorCode>MSG07</ErrorCode><ErrorDescription>The declaration exists and could not be updated by operation 'create' of the serviceOV100505295700000003</ErrorDescription></MessageLogResponse><MessageLogResponse><SeverityCode>3</SeverityCode><ErrorCode>MSG07</ErrorCode><ErrorDescription>The declaration exists and could not be updated by operation 'create' of the serviceOV100505295700000003</ErrorDescription></MessageLogResponse><MessageLogResponse><SeverityCode>3</SeverityCode><ErrorCode>MSG07</ErrorCode><ErrorDescription>The declaration exists and could not be updated by operation 'create' of the serviceOV100505295700000003</ErrorDescription></MessageLogResponse><MessageLogResponse><SeverityCode>3</SeverityCode><ErrorCode>MSG07</ErrorCode><ErrorDescription>The declaration exists and could not be updated by operation 'create' of the serviceOV100505295700000003</ErrorDescription></MessageLogResponse><MessageLogResponse><SeverityCode>3</SeverityCode><ErrorCode>MSG07</ErrorCode><ErrorDescription>The declaration exists and could not be updated by operation 'create' of the serviceOV100505295700000003</ErrorDescription></MessageLogResponse><MessageLogResponse><SeverityCode>3</SeverityCode><ErrorCode>MSG07</ErrorCode><ErrorDescription>The declaration exists and could not be updated by operation 'create' of the serviceOV100505295700000003</ErrorDescription></MessageLogResponse><MessageLogResponse><SeverityCode>3</SeverityCode><ErrorCode>MSG07</ErrorCode><ErrorDescription>The declaration exists and could not be updated by operation 'create' of the serviceOV100505295700000003</ErrorDescription></MessageLogResponse><MessageLogResponse><SeverityCode>3</SeverityCode><ErrorCode>MSG07</ErrorCode><ErrorDescription>The declaration exists and could not be updated by operation 'create' of the serviceOV100505295700000003</ErrorDescription></MessageLogResponse><MessageLogResponse><SeverityCode>3</SeverityCode><ErrorCode>MSG07</ErrorCode><ErrorDescription>The declaration exists and could not be updated by operation 'create' of the serviceOV100505295700000003</ErrorDescription></MessageLogResponse><MessageLogResponse><SeverityCode>3</SeverityCode><ErrorCode>MSG07</ErrorCode><ErrorDescription>The declaration exists and could not be updated by operation 'create' of the serviceOV100505295700000003</ErrorDescription></MessageLogResponse><MessageLogResponse><SeverityCode>3</SeverityCode><ErrorCode>MSG07</ErrorCode><ErrorDescription>The declaration exists and could not be updated by operation 'create' of the serviceOV100505295700000003</ErrorDescription></MessageLogResponse><MessageLogResponse><SeverityCode>3</SeverityCode><ErrorCode>MSG07</ErrorCode><ErrorDescription>The declaration exists and could not be updated by operation 'create' of the serviceOV100505295700000003</ErrorDescription></MessageLogResponse><MessageLogResponse><SeverityCode>3</SeverityCode><ErrorCode>MSG07</ErrorCode><ErrorDescription>The declaration exists and could not be updated by operation 'create' of the serviceOV100505295700000003</ErrorDescription></MessageLogResponse><MessageLogResponse><SeverityCode>3</SeverityCode><ErrorCode>MSG07</ErrorCode><ErrorDescription>The declaration exists and could not be updated by operation 'create' of the serviceOV100505295700000003</ErrorDescription></MessageLogResponse><MessageLogResponse><SeverityCode>3</SeverityCode><ErrorCode>MSG07</ErrorCode><ErrorDescription>The declaration exists and could not be updated by operation 'create' of the serviceOV100505295700000003</ErrorDescription></MessageLogResponse><MessageLogResponse><SeverityCode>3</SeverityCode><ErrorCode>MSG07</ErrorCode><ErrorDescription>The declaration exists and could not be updated by operation 'create' of the serviceOV100505295700000003</ErrorDescription></MessageLogResponse><MessageLogResponse><SeverityCode>3</SeverityCode><ErrorCode>MSG07</ErrorCode><ErrorDescription>The declaration exists and could not be updated by operation 'create' of the serviceOV100505295700000003</ErrorDescription></MessageLogResponse><MessageLogResponse><SeverityCode>3</SeverityCode><ErrorCode>MSG07</ErrorCode><ErrorDescription>The declaration exists and could not be updated by operation 'create' of the serviceOV100505295700000003</ErrorDescription></MessageLogResponse><MessageLogResponse><SeverityCode>3</SeverityCode><ErrorCode>MSG07</ErrorCode><ErrorDescription>The declaration exists and could not be updated by operation 'create' of the serviceOV100505295700000003</ErrorDescription></MessageLogResponse><MessageLogResponse><SeverityCode>3</SeverityCode><ErrorCode>MSG07</ErrorCode><ErrorDescription>The declaration exists and could not be updated by operation 'create' of the serviceOV100505295700000003</ErrorDescription></MessageLogResponse><MessageLogResponse><SeverityCode>3</SeverityCode><ErrorCode>MSG07</ErrorCode><ErrorDescription>The declaration exists and could not be updated by operation 'create' of the serviceOV100505295700000003</ErrorDescription></MessageLogResponse><MessageLogResponse><SeverityCode>3</SeverityCode><ErrorCode>MSG07</ErrorCode><ErrorDescription>The declaration exists and could not be updated by operation 'create' of the serviceOV100505295700000003</ErrorDescription></MessageLogResponse><MessageLogResponse><SeverityCode>3</SeverityCode><ErrorCode>MSG07</ErrorCode><ErrorDescription>The declaration exists and could not be updated by operation 'create' of the serviceOV100505295700000003</ErrorDescription></MessageLogResponse><MessageLogResponse><SeverityCode>3</SeverityCode><ErrorCode>MSG07</ErrorCode><ErrorDescription>The declaration exists and could not be updated by operation 'create' of the serviceOV100505295700000003</ErrorDescription></MessageLogResponse><MessageLogResponse><SeverityCode>3</SeverityCode><ErrorCode>MSG07</ErrorCode><ErrorDescription>The declaration exists and could not be updated by operation 'create' of the serviceOV100505295700000003</ErrorDescription></MessageLogResponse><MessageLogResponse><SeverityCode>3</SeverityCode><ErrorCode>MSG07</ErrorCode><ErrorDescription>The declaration exists and could not be updated by operation 'create' of the serviceOV100505295700000003</ErrorDescription></MessageLogResponse><MessageLogResponse><SeverityCode>3</SeverityCode><ErrorCode>MSG07</ErrorCode><ErrorDescription>The declaration exists and could not be updated by operation 'create' of the serviceOV100505295700000003</ErrorDescription></MessageLogResponse><MessageLogResponse><SeverityCode>3</SeverityCode><ErrorCode>MSG07</ErrorCode><ErrorDescription>The declaration exists and could not be updated by operation 'create' of the serviceOV100505295700000003</ErrorDescription></MessageLogResponse><MessageLogResponse><SeverityCode>3</SeverityCode><ErrorCode>MSG07</ErrorCode><ErrorDescription>The declaration exists and could not be updated by operation 'create' of the serviceOV100505295700000003</ErrorDescription></MessageLogResponse><MessageLogResponse><SeverityCode>3</SeverityCode><ErrorCode>MSG07</ErrorCode><ErrorDescription>The declaration exists and could not be updated by operation 'create' of the serviceOV100505295700000003</ErrorDescription></MessageLogResponse><MessageLogResponse><SeverityCode>3</SeverityCode><ErrorCode>MSG07</ErrorCode><ErrorDescription>The declaration exists and could not be updated by operation 'create' of the serviceOV100505295700000003</ErrorDescription></MessageLogResponse><MessageLogResponse><SeverityCode>3</SeverityCode><ErrorCode>MSG07</ErrorCode><ErrorDescription>The declaration exists and could not be updated by operation 'create' of the serviceOV100505295700000003</ErrorDescription></MessageLogResponse><MessageLogResponse><SeverityCode>3</SeverityCode><ErrorCode>MSG07</ErrorCode><ErrorDescription>The declaration exists and could not be updated by operation 'create' of the serviceOV100505295700000003</ErrorDescription></MessageLogResponse><MessageLogResponse><SeverityCode>3</SeverityCode><ErrorCode>MSG07</ErrorCode><ErrorDescription>The declaration exists and could not be updated by operation 'create' of the serviceOV100505295700000003</ErrorDescription></MessageLogResponse><MessageLogResponse><SeverityCode>3</SeverityCode><ErrorCode>MSG07</ErrorCode><ErrorDescription>The declaration exists and could not be updated by operation 'create' of the serviceOV100505295700000003</ErrorDescription></MessageLogResponse><MessageLogResponse><SeverityCode>3</SeverityCode><ErrorCode>MSG07</ErrorCode><ErrorDescription>The declaration exists and could not be updated by operation 'create' of the serviceOV100505295700000003</ErrorDescription></MessageLogResponse><MessageLogResponse><SeverityCode>3</SeverityCode><ErrorCode>MSG07</ErrorCode><ErrorDescription>The declaration exists and could not be updated by operation 'create' of the serviceOV100505295700000003</ErrorDescription></MessageLogResponse><MessageLogResponse><SeverityCode>3</SeverityCode><ErrorCode>MSG07</ErrorCode><ErrorDescription>The declaration exists and could not be updated by operation 'create' of the serviceOV100505295700000003</ErrorDescription></MessageLogResponse><MessageLogResponse><SeverityCode>3</SeverityCode><ErrorCode>MSG07</ErrorCode><ErrorDescription>The declaration exists and could not be updated by operation 'create' of the serviceOV100505295700000003</ErrorDescription></MessageLogResponse><MessageLogResponse><SeverityCode>3</SeverityCode><ErrorCode>MSG07</ErrorCode><ErrorDescription>The declaration exists and could not be updated by operation 'create' of the serviceOV100505295700000003</ErrorDescription></MessageLogResponse><MessageLogResponse><SeverityCode>3</SeverityCode><ErrorCode>MSG07</ErrorCode><ErrorDescription>The declaration exists and could not be updated by operation 'create' of the serviceOV100505295700000003</ErrorDescription></MessageLogResponse><MessageLogResponse><SeverityCode>3</SeverityCode><ErrorCode>MSG07</ErrorCode><ErrorDescription>The declaration exists and could not be updated by operation 'create' of the serviceOV100505295700000003</ErrorDescription></MessageLogResponse><MessageLogResponse><SeverityCode>3</SeverityCode><ErrorCode>MSG07</ErrorCode><ErrorDescription>The declaration exists and could not be updated by operation 'create' of the serviceOV100505295700000003</ErrorDescription></MessageLogResponse><MessageLogResponse><SeverityCode>3</SeverityCode><ErrorCode>MSG07</ErrorCode><ErrorDescription>The declaration exists and could not be updated by operation 'create' of the serviceOV100505295700000003</ErrorDescription></MessageLogResponse><MessageLogResponse><SeverityCode>3</SeverityCode><ErrorCode>MSG07</ErrorCode><ErrorDescription>The declaration exists and could not be updated by operation 'create' of the serviceOV100505295700000003</ErrorDescription></MessageLogResponse><MessageLogResponse><SeverityCode>3</SeverityCode><ErrorCode>MSG07</ErrorCode><ErrorDescription>The declaration exists and could not be updated by operation 'create' of the serviceOV100505295700000003</ErrorDescription></MessageLogResponse><MessageLogResponse><SeverityCode>3</SeverityCode><ErrorCode>MSG07</ErrorCode><ErrorDescription>The declaration exists and could not be updated by operation 'create' of the serviceOV100505295700000003</ErrorDescription></MessageLogResponse><MessageLogResponse><SeverityCode>3</SeverityCode><ErrorCode>MSG07</ErrorCode><ErrorDescription>The declaration exists and could not be updated by operation 'create' of the serviceOV100505295700000003</ErrorDescription></MessageLogResponse><MessageLogResponse><SeverityCode>3</SeverityCode><ErrorCode>MSG07</ErrorCode><ErrorDescription>The declaration exists and could not be updated by operation 'create' of the serviceOV100505295700000003</ErrorDescription></MessageLogResponse><MessageLogResponse><SeverityCode>3</SeverityCode><ErrorCode>MSG07</ErrorCode><ErrorDescription>The declaration exists and could not be updated by operation 'create' of the serviceOV100505295700000003</ErrorDescription></MessageLogResponse><MessageLogResponse><SeverityCode>3</SeverityCode><ErrorCode>MSG07</ErrorCode><ErrorDescription>The declaration exists and could not be updated by operation 'create' of the serviceOV100505295700000003</ErrorDescription></MessageLogResponse><MessageLogResponse><SeverityCode>3</SeverityCode><ErrorCode>MSG07</ErrorCode><ErrorDescription>The declaration exists and could not be updated by operation 'create' of the serviceOV100505295700000003</ErrorDescription></MessageLogResponse><MessageLogResponse><SeverityCode>3</SeverityCode><ErrorCode>MSG07</ErrorCode><ErrorDescription>The declaration exists and could not be updated by operation 'create' of the serviceOV100505295700000003</ErrorDescription></MessageLogResponse><MessageLogResponse><SeverityCode>3</SeverityCode><ErrorCode>MSG07</ErrorCode><ErrorDescription>The declaration exists and could not be updated by operation 'create' of the serviceOV100505295700000003</ErrorDescription></MessageLogResponse><MessageLogResponse><SeverityCode>3</SeverityCode><ErrorCode>MSG07</ErrorCode><ErrorDescription>The declaration exists and could not be updated by operation 'create' of the serviceOV100505295700000003</ErrorDescription></MessageLogResponse><MessageLogResponse><SeverityCode>3</SeverityCode><ErrorCode>MSG07</ErrorCode><ErrorDescription>The declaration exists and could not be updated by operation 'create' of the serviceOV100505295700000003</ErrorDescription></MessageLogResponse><MessageLogResponse><SeverityCode>3</SeverityCode><ErrorCode>MSG07</ErrorCode><ErrorDescription>The declaration exists and could not be updated by operation 'create' of the serviceOV100505295700000003</ErrorDescription></MessageLogResponse><MessageLogResponse><SeverityCode>3</SeverityCode><ErrorCode>MSG07</ErrorCode><ErrorDescription>The declaration exists and could not be updated by operation 'create' of the serviceOV100505295700000003</ErrorDescription></MessageLogResponse><MessageLogResponse><SeverityCode>3</SeverityCode><ErrorCode>MSG07</ErrorCode><ErrorDescription>The declaration exists and could not be updated by operation 'create' of the serviceOV100505295700000003</ErrorDescription></MessageLogResponse><MessageLogResponse><SeverityCode>3</SeverityCode><ErrorCode>MSG07</ErrorCode><ErrorDescription>The declaration exists and could not be updated by operation 'create' of the serviceOV100505295700000003</ErrorDescription></MessageLogResponse><MessageLogResponse><SeverityCode>3</SeverityCode><ErrorCode>MSG07</ErrorCode><ErrorDescription>The declaration exists and could not be updated by operation 'create' of the serviceOV100505295700000003</ErrorDescription></MessageLogResponse><MessageLogResponse><SeverityCode>3</SeverityCode><ErrorCode>MSG07</ErrorCode><ErrorDescription>The declaration exists and could not be updated by operation 'create' of the serviceOV100505295700000003</ErrorDescription></MessageLogResponse><MessageLogResponse><SeverityCode>3</SeverityCode><ErrorCode>MSG07</ErrorCode><ErrorDescription>The declaration exists and could not be updated by operation 'create' of the serviceOV100505295700000003</ErrorDescription></MessageLogResponse><MessageLogResponse><SeverityCode>3</SeverityCode><ErrorCode>MSG07</ErrorCode><ErrorDescription>The declaration exists and could not be updated by operation 'create' of the serviceOV100505295700000003</ErrorDescription></MessageLogResponse><MessageLogResponse><SeverityCode>3</SeverityCode><ErrorCode>MSG07</ErrorCode><ErrorDescription>The declaration exists and could not be updated by operation 'create' of the serviceOV100505295700000003</ErrorDescription></MessageLogResponse><MessageLogResponse><SeverityCode>3</SeverityCode><ErrorCode>MSG07</ErrorCode><ErrorDescription>The declaration exists and could not be updated by operation 'create' of the serviceOV100505295700000003</ErrorDescription></MessageLogResponse><MessageLogResponse><SeverityCode>3</SeverityCode><ErrorCode>MSG07</ErrorCode><ErrorDescription>The declaration exists and could not be updated by operation 'create' of the serviceOV100505295700000003</ErrorDescription></MessageLogResponse><MessageLogResponse><SeverityCode>3</SeverityCode><ErrorCode>MSG07</ErrorCode><ErrorDescription>The declaration exists and could not be updated by operation 'create' of the serviceOV100505295700000003</ErrorDescription></MessageLogResponse><MessageLogResponse><SeverityCode>3</SeverityCode><ErrorCode>MSG07</ErrorCode><ErrorDescription>The declaration exists and could not be updated by operation 'create' of the serviceOV100505295700000003</ErrorDescription></MessageLogResponse><MessageLogResponse><SeverityCode>3</SeverityCode><ErrorCode>MSG07</ErrorCode><ErrorDescription>The declaration exists and could not be updated by operation 'create' of the serviceOV100505295700000003</ErrorDescription></MessageLogResponse><MessageLogResponse><SeverityCode>3</SeverityCode><ErrorCode>MSG07</ErrorCode><ErrorDescription>The declaration exists and could not be updated by operation 'create' of the serviceOV100505295700000003</ErrorDescription></MessageLogResponse><MessageLogResponse><SeverityCode>3</SeverityCode><ErrorCode>MSG07</ErrorCode><ErrorDescription>The declaration exists and could not be updated by operation 'create' of the serviceOV100505295700000003</ErrorDescription></MessageLogResponse><MessageLogResponse><SeverityCode>3</SeverityCode><ErrorCode>MSG07</ErrorCode><ErrorDescription>The declaration exists and could not be updated by operation 'create' of the serviceOV100505295700000003</ErrorDescription></MessageLogResponse><MessageLogResponse><SeverityCode>3</SeverityCode><ErrorCode>MSG07</ErrorCode><ErrorDescription>The declaration exists and could not be updated by operation 'create' of the serviceOV100505295700000003</ErrorDescription></MessageLogResponse><MessageLogResponse><SeverityCode>3</SeverityCode><ErrorCode>MSG07</ErrorCode><ErrorDescription>The declaration exists and could not be updated by operation 'create' of the serviceOV100505295700000003</ErrorDescription></MessageLogResponse><MessageLogResponse><SeverityCode>3</SeverityCode><ErrorCode>MSG07</ErrorCode><ErrorDescription>The declaration exists and could not be updated by operation 'create' of the serviceOV100505295700000003</ErrorDescription></MessageLogResponse><MessageLogResponse><SeverityCode>3</SeverityCode><ErrorCode>MSG07</ErrorCode><ErrorDescription>The declaration exists and could not be updated by operation 'create' of the serviceOV100505295700000003</ErrorDescription></MessageLogResponse><MessageLogResponse><SeverityCode>3</SeverityCode><ErrorCode>MSG07</ErrorCode><ErrorDescription>The declaration exists and could not be updated by operation 'create' of the serviceOV100505295700000003</ErrorDescription></MessageLogResponse><MessageLogResponse><SeverityCode>3</SeverityCode><ErrorCode>MSG07</ErrorCode><ErrorDescription>The declaration exists and could not be updated by operation 'create' of the serviceOV100505295700000003</ErrorDescription></MessageLogResponse><MessageLogResponse><SeverityCode>3</SeverityCode><ErrorCode>MSG07</ErrorCode><ErrorDescription>The declaration exists and could not be updated by operation 'create' of the serviceOV100505295700000003</ErrorDescription></MessageLogResponse><MessageLogResponse><SeverityCode>3</SeverityCode><ErrorCode>MSG07</ErrorCode><ErrorDescription>The declaration exists and could not be updated by operation 'create' of the serviceOV100505295700000003</ErrorDescription></MessageLogResponse><MessageLogResponse><SeverityCode>3</SeverityCode><ErrorCode>MSG07</ErrorCode><ErrorDescription>The declaration exists and could not be updated by operation 'create' of the serviceOV100505295700000003</ErrorDescription></MessageLogResponse><MessageLogResponse><SeverityCode>3</SeverityCode><ErrorCode>MSG07</ErrorCode><ErrorDescription>The declaration exists and could not be updated by operation 'create' of the serviceOV100505295700000003</ErrorDescription></MessageLogResponse><MessageLogResponse><SeverityCode>3</SeverityCode><ErrorCode>MSG07</ErrorCode><ErrorDescription>The declaration exists and could not be updated by operation 'create' of the serviceOV100505295700000003</ErrorDescription></MessageLogResponse><MessageLogResponse><SeverityCode>3</SeverityCode><ErrorCode>MSG07</ErrorCode><ErrorDescription>The declaration exists and could not be updated by operation 'create' of the serviceOV100505295700000003</ErrorDescription></MessageLogResponse><MessageLogResponse><SeverityCode>3</SeverityCode><ErrorCode>MSG07</ErrorCode><ErrorDescription>The declaration exists and could not be updated by operation 'create' of the serviceOV100505295700000003</ErrorDescription></MessageLogResponse><MessageLogResponse><SeverityCode>3</SeverityCode><ErrorCode>MSG07</ErrorCode><ErrorDescription>The declaration exists and could not be updated by operation 'create' of the serviceOV100505295700000003</ErrorDescription></MessageLogResponse><MessageLogResponse><SeverityCode>3</SeverityCode><ErrorCode>MSG07</ErrorCode><ErrorDescription>The declaration exists and could not be updated by operation 'create' of the serviceOV100505295700000003</ErrorDescription></MessageLogResponse><MessageLogResponse><SeverityCode>3</SeverityCode><ErrorCode>MSG07</ErrorCode><ErrorDescription>The declaration exists and could not be updated by operation 'create' of the serviceOV100505295700000003</ErrorDescription></MessageLogResponse><MessageLogResponse><SeverityCode>3</SeverityCode><ErrorCode>MSG07</ErrorCode><ErrorDescription>The declaration exists and could not be updated by operation 'create' of the serviceOV100505295700000003</ErrorDescription></MessageLogResponse><MessageLogResponse><SeverityCode>3</SeverityCode><ErrorCode>MSG07</ErrorCode><ErrorDescription>The declaration exists and could not be updated by operation 'create' of the serviceOV100505295700000003</ErrorDescription></MessageLogResponse><MessageLogResponse><SeverityCode>3</SeverityCode><ErrorCode>MSG07</ErrorCode><ErrorDescription>The declaration exists and could not be updated by operation 'create' of the serviceOV100505295700000003</ErrorDescription></MessageLogResponse><MessageLogResponse><SeverityCode>3</SeverityCode><ErrorCode>MSG07</ErrorCode><ErrorDescription>The declaration exists and could not be updated by operation 'create' of the serviceOV100505295700000003</ErrorDescription></MessageLogResponse><MessageLogResponse><SeverityCode>3</SeverityCode><ErrorCode>MSG07</ErrorCode><ErrorDescription>The declaration exists and could not be updated by operation 'create' of the serviceOV100505295700000003</ErrorDescription></MessageLogResponse><MessageLogResponse><SeverityCode>3</SeverityCode><ErrorCode>MSG07</ErrorCode><ErrorDescription>The declaration exists and could not be updated by operation 'create' of the serviceOV100505295700000003</ErrorDescription></MessageLogResponse><MessageLogResponse><SeverityCode>3</SeverityCode><ErrorCode>MSG07</ErrorCode><ErrorDescription>The declaration exists and could not be updated by operation 'create' of the serviceOV100505295700000003</ErrorDescription></MessageLogResponse><MessageLogResponse><SeverityCode>3</SeverityCode><ErrorCode>MSG07</ErrorCode><ErrorDescription>The declaration exists and could not be updated by operation 'create' of the serviceOV100505295700000003</ErrorDescription></MessageLogResponse><MessageLogResponse><SeverityCode>3</SeverityCode><ErrorCode>MSG07</ErrorCode><ErrorDescription>The declaration exists and could not be updated by operation 'create' of the serviceOV100505295700000003</ErrorDescription></MessageLogResponse><MessageLogResponse><SeverityCode>3</SeverityCode><ErrorCode>MSG07</ErrorCode><ErrorDescription>The declaration exists and could not be updated by operation 'create' of the serviceOV100505295700000003</ErrorDescription></MessageLogResponse><MessageLogResponse><SeverityCode>3</SeverityCode><ErrorCode>MSG07</ErrorCode><ErrorDescription>The declaration exists and could not be updated by operation 'create' of the serviceOV100505295700000003</ErrorDescription></MessageLogResponse><MessageLogResponse><SeverityCode>3</SeverityCode><ErrorCode>MSG07</ErrorCode><ErrorDescription>The declaration exists and could not be updated by operation 'create' of the serviceOV100505295700000003</ErrorDescription></MessageLogResponse><MessageLogResponse><SeverityCode>3</SeverityCode><ErrorCode>MSG07</ErrorCode><ErrorDescription>The declaration exists and could not be updated by operation 'create' of the serviceOV100505295700000003</ErrorDescription></MessageLogResponse><MessageLogResponse><SeverityCode>3</SeverityCode><ErrorCode>MSG07</ErrorCode><ErrorDescription>The declaration exists and could not be updated by operation 'create' of the serviceOV100505295700000003</ErrorDescription></MessageLogResponse><MessageLogResponse><SeverityCode>3</SeverityCode><ErrorCode>MSG07</ErrorCode><ErrorDescription>The declaration exists and could not be updated by operation 'create' of the serviceOV100505295700000003</ErrorDescription></MessageLogResponse><MessageLogResponse><SeverityCode>3</SeverityCode><ErrorCode>MSG07</ErrorCode><ErrorDescription>The declaration exists and could not be updated by operation 'create' of the serviceOV100505295700000003</ErrorDescription></MessageLogResponse><MessageLogResponse><SeverityCode>3</SeverityCode><ErrorCode>MSG07</ErrorCode><ErrorDescription>The declaration exists and could not be updated by operation 'create' of the serviceOV100505295700000003</ErrorDescription></MessageLogResponse><MessageLogResponse><SeverityCode>3</SeverityCode><ErrorCode>MSG07</ErrorCode><ErrorDescription>The declaration exists and could not be updated by operation 'create' of the serviceOV100505295700000003</ErrorDescription></MessageLogResponse><MessageLogResponse><SeverityCode>3</SeverityCode><ErrorCode>MSG07</ErrorCode><ErrorDescription>The declaration exists and could not be updated by operation 'create' of the serviceOV100505295700000003</ErrorDescription></MessageLogResponse><MessageLogResponse><SeverityCode>3</SeverityCode><ErrorCode>MSG07</ErrorCode><ErrorDescription>The declaration exists and could not be updated by operation 'create' of the serviceOV100505295700000003</ErrorDescription></MessageLogResponse><MessageLogResponse><SeverityCode>3</SeverityCode><ErrorCode>MSG07</ErrorCode><ErrorDescription>The declaration exists and could not be updated by operation 'create' of the serviceOV100505295700000003</ErrorDescription></MessageLogResponse><MessageLogResponse><SeverityCode>3</SeverityCode><ErrorCode>MSG07</ErrorCode><ErrorDescription>The declaration exists and could not be updated by operation 'create' of the serviceOV100505295700000003</ErrorDescription></MessageLogResponse><MessageLogResponse><SeverityCode>3</SeverityCode><ErrorCode>MSG07</ErrorCode><ErrorDescription>The declaration exists and could not be updated by operation 'create' of the serviceOV100505295700000003</ErrorDescription></MessageLogResponse><MessageLogResponse><SeverityCode>3</SeverityCode><ErrorCode>MSG07</ErrorCode><ErrorDescription>The declaration exists and could not be updated by operation 'create' of the serviceOV100505295700000003</ErrorDescription></MessageLogResponse><MessageLogResponse><SeverityCode>3</SeverityCode><ErrorCode>MSG07</ErrorCode><ErrorDescription>The declaration exists and could not be updated by operation 'create' of the serviceOV100505295700000003</ErrorDescription></MessageLogResponse><MessageLogResponse><SeverityCode>3</SeverityCode><ErrorCode>MSG07</ErrorCode><ErrorDescription>The declaration exists and could not be updated by operation 'create' of the serviceOV100505295700000003</ErrorDescription></MessageLogResponse><MessageLogResponse><SeverityCode>3</SeverityCode><ErrorCode>MSG07</ErrorCode><ErrorDescription>The declaration exists and could not be updated by operation 'create' of the serviceOV100505295700000003</ErrorDescription></MessageLogResponse><MessageLogResponse><SeverityCode>3</SeverityCode><ErrorCode>MSG07</ErrorCode><ErrorDescription>The declaration exists and could not be updated by operation 'create' of the serviceOV100505295700000003</ErrorDescription></MessageLogResponse><MessageLogResponse><SeverityCode>3</SeverityCode><ErrorCode>MSG07</ErrorCode><ErrorDescription>The declaration exists and could not be updated by operation 'create' of the serviceOV100505295700000003</ErrorDescription></MessageLogResponse><MessageLogResponse><SeverityCode>3</SeverityCode><ErrorCode>MSG07</ErrorCode><ErrorDescription>The declaration exists and could not be updated by operation 'create' of the serviceOV100505295700000003</ErrorDescription></MessageLogResponse><MessageLogResponse><SeverityCode>3</SeverityCode><ErrorCode>MSG07</ErrorCode><ErrorDescription>The declaration exists and could not be updated by operation 'create' of the serviceOV100505295700000003</ErrorDescription></MessageLogResponse><MessageLogResponse><SeverityCode>3</SeverityCode><ErrorCode>MSG07</ErrorCode><ErrorDescription>The declaration exists and could not be updated by operation 'create' of the serviceOV100505295700000003</ErrorDescription></MessageLogResponse><MessageLogResponse><SeverityCode>3</SeverityCode><ErrorCode>MSG07</ErrorCode><ErrorDescription>The declaration exists and could not be updated by operation 'create' of the serviceOV100505295700000003</ErrorDescription></MessageLogResponse><MessageLogResponse><SeverityCode>3</SeverityCode><ErrorCode>MSG07</ErrorCode><ErrorDescription>The declaration exists and could not be updated by operation 'create' of the serviceOV100505295700000003</ErrorDescription></MessageLogResponse><MessageLogResponse><SeverityCode>3</SeverityCode><ErrorCode>MSG07</ErrorCode><ErrorDescription>The declaration exists and could not be updated by operation 'create' of the serviceOV100505295700000003</ErrorDescription></MessageLogResponse><MessageLogResponse><SeverityCode>3</SeverityCode><ErrorCode>MSG07</ErrorCode><ErrorDescription>The declaration exists and could not be updated by operation 'create' of the serviceOV100505295700000003</ErrorDescription></MessageLogResponse><MessageLogResponse><SeverityCode>3</SeverityCode><ErrorCode>MSG07</ErrorCode><ErrorDescription>The declaration exists and could not be updated by operation 'create' of the serviceOV100505295700000003</ErrorDescription></MessageLogResponse><MessageLogResponse><SeverityCode>3</SeverityCode><ErrorCode>MSG07</ErrorCode><ErrorDescription>The declaration exists and could not be updated by operation 'create' of the serviceOV100505295700000003</ErrorDescription></MessageLogResponse><MessageLogResponse><SeverityCode>3</SeverityCode><ErrorCode>MSG07</ErrorCode><ErrorDescription>The declaration exists and could not be updated by operation 'create' of the serviceOV100505295700000003</ErrorDescription></MessageLogResponse><MessageLogResponse><SeverityCode>3</SeverityCode><ErrorCode>MSG07</ErrorCode><ErrorDescription>The declaration exists and could not be updated by operation 'create' of the serviceOV100505295700000003</ErrorDescription></MessageLogResponse><MessageLogResponse><SeverityCode>3</SeverityCode><ErrorCode>MSG07</ErrorCode><ErrorDescription>The declaration exists and could not be updated by operation 'create' of the serviceOV100505295700000003</ErrorDescription></MessageLogResponse><MessageLogResponse><SeverityCode>3</SeverityCode><ErrorCode>MSG07</ErrorCode><ErrorDescription>The declaration exists and could not be updated by operation 'create' of the serviceOV100505295700000003</ErrorDescription></MessageLogResponse><MessageLogResponse><SeverityCode>3</SeverityCode><ErrorCode>MSG07</ErrorCode><ErrorDescription>The declaration exists and could not be updated by operation 'create' of the serviceOV100505295700000003</ErrorDescription></MessageLogResponse><MessageLogResponse><SeverityCode>3</SeverityCode><ErrorCode>MSG07</ErrorCode><ErrorDescription>The declaration exists and could not be updated by operation 'create' of the serviceOV100505295700000003</ErrorDescription></MessageLogResponse><MessageLogResponse><SeverityCode>3</SeverityCode><ErrorCode>MSG07</ErrorCode><ErrorDescription>The declaration exists and could not be updated by operation 'create' of the serviceOV100505295700000003</ErrorDescription></MessageLogResponse><MessageLogResponse><SeverityCode>3</SeverityCode><ErrorCode>MSG07</ErrorCode><ErrorDescription>The declaration exists and could not be updated by operation 'create' of the serviceOV100505295700000003</ErrorDescription></MessageLogResponse><MessageLogResponse><SeverityCode>3</SeverityCode><ErrorCode>MSG07</ErrorCode><ErrorDescription>The declaration exists and could not be updated by operation 'create' of the serviceOV100505295700000003</ErrorDescription></MessageLogResponse><MessageLogResponse><SeverityCode>3</SeverityCode><ErrorCode>MSG07</ErrorCode><ErrorDescription>The declaration exists and could not be updated by operation 'create' of the serviceOV100505295700000003</ErrorDescription></MessageLogResponse><MessageLogResponse><SeverityCode>3</SeverityCode><ErrorCode>MSG07</ErrorCode><ErrorDescription>The declaration exists and could not be updated by operation 'create' of the serviceOV100505295700000003</ErrorDescription></MessageLogResponse><MessageLogResponse><SeverityCode>3</SeverityCode><ErrorCode>MSG07</ErrorCode><ErrorDescription>The declaration exists and could not be updated by operation 'create' of the serviceOV100505295700000003</ErrorDescription></MessageLogResponse><MessageLogResponse><SeverityCode>3</SeverityCode><ErrorCode>MSG07</ErrorCode><ErrorDescription>The declaration exists and could not be updated by operation 'create' of the serviceOV100505295700000003</ErrorDescription></MessageLogResponse><MessageLogResponse><SeverityCode>3</SeverityCode><ErrorCode>MSG07</ErrorCode><ErrorDescription>The declaration exists and could not be updated by operation 'create' of the serviceOV100505295700000003</ErrorDescription></MessageLogResponse><MessageLogResponse><SeverityCode>3</SeverityCode><ErrorCode>MSG07</ErrorCode><ErrorDescription>The declaration exists and could not be updated by operation 'create' of the serviceOV100505295700000003</ErrorDescription></MessageLogResponse><MessageLogResponse><SeverityCode>3</SeverityCode><ErrorCode>MSG07</ErrorCode><ErrorDescription>The declaration exists and could not be updated by operation 'create' of the serviceOV100505295700000003</ErrorDescription></MessageLogResponse><MessageLogResponse><SeverityCode>3</SeverityCode><ErrorCode>MSG07</ErrorCode><ErrorDescription>The declaration exists and could not be updated by operation 'create' of the serviceOV100505295700000003</ErrorDescription></MessageLogResponse><MessageLogResponse><SeverityCode>3</SeverityCode><ErrorCode>MSG07</ErrorCode><ErrorDescription>The declaration exists and could not be updated by operation 'create' of the serviceOV100505295700000003</ErrorDescription></MessageLogResponse><MessageLogResponse><SeverityCode>3</SeverityCode><ErrorCode>MSG07</ErrorCode><ErrorDescription>The declaration exists and could not be updated by operation 'create' of the serviceOV100505295700000003</ErrorDescription></MessageLogResponse><MessageLogResponse><SeverityCode>3</SeverityCode><ErrorCode>MSG07</ErrorCode><ErrorDescription>The declaration exists and could not be updated by operation 'create' of the serviceOV100505295700000003</ErrorDescription></MessageLogResponse><MessageLogResponse><SeverityCode>3</SeverityCode><ErrorCode>MSG07</ErrorCode><ErrorDescription>The declaration exists and could not be updated by operation 'create' of the serviceOV100505295700000003</ErrorDescription></MessageLogResponse><MessageLogResponse><SeverityCode>3</SeverityCode><ErrorCode>MSG07</ErrorCode><ErrorDescription>The declaration exists and could not be updated by operation 'create' of the serviceOV100505295700000003</ErrorDescription></MessageLogResponse><MessageLogResponse><SeverityCode>3</SeverityCode><ErrorCode>MSG07</ErrorCode><ErrorDescription>The declaration exists and could not be updated by operation 'create' of the serviceOV100505295700000003</ErrorDescription></MessageLogResponse><MessageLogResponse><SeverityCode>3</SeverityCode><ErrorCode>MSG07</ErrorCode><ErrorDescription>The declaration exists and could not be updated by operation 'create' of the serviceOV100505295700000003</ErrorDescription></MessageLogResponse><MessageLogResponse><SeverityCode>3</SeverityCode><ErrorCode>MSG07</ErrorCode><ErrorDescription>The declaration exists and could not be updated by operation 'create' of the serviceOV100505295700000003</ErrorDescription></MessageLogResponse><MessageLogResponse><SeverityCode>3</SeverityCode><ErrorCode>MSG07</ErrorCode><ErrorDescription>The declaration exists and could not be updated by operation 'create' of the serviceOV100505295700000003</ErrorDescription></MessageLogResponse><MessageLogResponse><SeverityCode>3</SeverityCode><ErrorCode>MSG07</ErrorCode><ErrorDescription>The declaration exists and could not be updated by operation 'create' of the serviceOV100505295700000003</ErrorDescription></MessageLogResponse><MessageLogResponse><SeverityCode>3</SeverityCode><ErrorCode>MSG07</ErrorCode><ErrorDescription>The declaration exists and could not be updated by operation 'create' of the serviceOV100505295700000003</ErrorDescription></MessageLogResponse><MessageLogResponse><SeverityCode>3</SeverityCode><ErrorCode>MSG07</ErrorCode><ErrorDescription>The declaration exists and could not be updated by operation 'create' of the serviceOV100505295700000003</ErrorDescription></MessageLogResponse><MessageLogResponse><SeverityCode>3</SeverityCode><ErrorCode>MSG07</ErrorCode><ErrorDescription>The declaration exists and could not be updated by operation 'create' of the serviceOV100505295700000003</ErrorDescription></MessageLogResponse><MessageLogResponse><SeverityCode>3</SeverityCode><ErrorCode>MSG07</ErrorCode><ErrorDescription>The declaration exists and could not be updated by operation 'create' of the serviceOV100505295700000003</ErrorDescription></MessageLogResponse><MessageLogResponse><SeverityCode>3</SeverityCode><ErrorCode>MSG07</ErrorCode><ErrorDescription>The declaration exists and could not be updated by operation 'create' of the serviceOV100505295700000003</ErrorDescription></MessageLogResponse><MessageLogResponse><SeverityCode>3</SeverityCode><ErrorCode>MSG07</ErrorCode><ErrorDescription>The declaration exists and could not be updated by operation 'create' of the serviceOV100505295700000003</ErrorDescription></MessageLogResponse><MessageLogResponse><SeverityCode>3</SeverityCode><ErrorCode>MSG07</ErrorCode><ErrorDescription>The declaration exists and could not be updated by operation 'create' of the serviceOV100505295700000003</ErrorDescription></MessageLogResponse><MessageLogResponse><SeverityCode>3</SeverityCode><ErrorCode>MSG07</ErrorCode><ErrorDescription>The declaration exists and could not be updated by operation 'create' of the serviceOV100505295700000003</ErrorDescription></MessageLogResponse><MessageLogResponse><SeverityCode>3</SeverityCode><ErrorCode>MSG07</ErrorCode><ErrorDescription>The declaration exists and could not be updated by operation 'create' of the serviceOV100505295700000003</ErrorDescription></MessageLogResponse><MessageLogResponse><SeverityCode>3</SeverityCode><ErrorCode>MSG07</ErrorCode><ErrorDescription>The declaration exists and could not be updated by operation 'create' of the serviceOV100505295700000003</ErrorDescription></MessageLogResponse><MessageLogResponse><SeverityCode>3</SeverityCode><ErrorCode>MSG07</ErrorCode><ErrorDescription>The declaration exists and could not be updated by operation 'create' of the serviceOV100505295700000003</ErrorDescription></MessageLogResponse><MessageLogResponse><SeverityCode>3</SeverityCode><ErrorCode>MSG07</ErrorCode><ErrorDescription>The declaration exists and could not be updated by operation 'create' of the serviceOV100505295700000003</ErrorDescription></MessageLogResponse><MessageLogResponse><SeverityCode>3</SeverityCode><ErrorCode>MSG07</ErrorCode><ErrorDescription>The declaration exists and could not be updated by operation 'create' of the serviceOV100505295700000003</ErrorDescription></MessageLogResponse><MessageLogResponse><SeverityCode>3</SeverityCode><ErrorCode>MSG07</ErrorCode><ErrorDescription>The declaration exists and could not be updated by operation 'create' of the serviceOV100505295700000003</ErrorDescription></MessageLogResponse><MessageLogResponse><SeverityCode>3</SeverityCode><ErrorCode>MSG07</ErrorCode><ErrorDescription>The declaration exists and could not be updated by operation 'create' of the serviceOV100505295700000003</ErrorDescription></MessageLogResponse><MessageLogResponse><SeverityCode>3</SeverityCode><ErrorCode>MSG07</ErrorCode><ErrorDescription>The declaration exists and could not be updated by operation 'create' of the serviceOV100505295700000003</ErrorDescription></MessageLogResponse><MessageLogResponse><SeverityCode>3</SeverityCode><ErrorCode>MSG07</ErrorCode><ErrorDescription>The declaration exists and could not be updated by operation 'create' of the serviceOV100505295700000003</ErrorDescription></MessageLogResponse><MessageLogResponse><SeverityCode>3</SeverityCode><ErrorCode>MSG07</ErrorCode><ErrorDescription>The declaration exists and could not be updated by operation 'create' of the serviceOV100505295700000003</ErrorDescription></MessageLogResponse><MessageLogResponse><SeverityCode>3</SeverityCode><ErrorCode>MSG07</ErrorCode><ErrorDescription>The declaration exists and could not be updated by operation 'create' of the serviceOV100505295700000003</ErrorDescription></MessageLogResponse><MessageLogResponse><SeverityCode>3</SeverityCode><ErrorCode>MSG07</ErrorCode><ErrorDescription>The declaration exists and could not be updated by operation 'create' of the serviceOV100505295700000003</ErrorDescription></MessageLogResponse><MessageLogResponse><SeverityCode>3</SeverityCode><ErrorCode>MSG07</ErrorCode><ErrorDescription>The declaration exists and could not be updated by operation 'create' of the serviceOV100505295700000003</ErrorDescription></MessageLogResponse><MessageLogResponse><SeverityCode>3</SeverityCode><ErrorCode>MSG07</ErrorCode><ErrorDescription>The declaration exists and could not be updated by operation 'create' of the serviceOV100505295700000003</ErrorDescription></MessageLogResponse><MessageLogResponse><SeverityCode>3</SeverityCode><ErrorCode>MSG07</ErrorCode><ErrorDescription>The declaration exists and could not be updated by operation 'create' of the serviceOV100505295700000003</ErrorDescription></MessageLogResponse><MessageLogResponse><SeverityCode>3</SeverityCode><ErrorCode>MSG07</ErrorCode><ErrorDescription>The declaration exists and could not be updated by operation 'create' of the serviceOV100505295700000003</ErrorDescription></MessageLogResponse><MessageLogResponse><SeverityCode>3</SeverityCode><ErrorCode>MSG07</ErrorCode><ErrorDescription>The declaration exists and could not be updated by operation 'create' of the serviceOV100505295700000003</ErrorDescription></MessageLogResponse><MessageLogResponse><SeverityCode>3</SeverityCode><ErrorCode>MSG07</ErrorCode><ErrorDescription>The declaration exists and could not be updated by operation 'create' of the serviceOV100505295700000003</ErrorDescription></MessageLogResponse><MessageLogResponse><SeverityCode>3</SeverityCode><ErrorCode>MSG07</ErrorCode><ErrorDescription>The declaration exists and could not be updated by operation 'create' of the serviceOV100505295700000003</ErrorDescription></MessageLogResponse><MessageLogResponse><SeverityCode>3</SeverityCode><ErrorCode>MSG07</ErrorCode><ErrorDescription>The declaration exists and could not be updated by operation 'create' of the serviceOV100505295700000003</ErrorDescription></MessageLogResponse><MessageLogResponse><SeverityCode>3</SeverityCode><ErrorCode>MSG07</ErrorCode><ErrorDescription>The declaration exists and could not be updated by operation 'create' of the serviceOV100505295700000003</ErrorDescription></MessageLogResponse><MessageLogResponse><SeverityCode>3</SeverityCode><ErrorCode>MSG07</ErrorCode><ErrorDescription>The declaration exists and could not be updated by operation 'create' of the serviceOV100505295700000003</ErrorDescription></MessageLogResponse><MessageLogResponse><SeverityCode>3</SeverityCode><ErrorCode>MSG07</ErrorCode><ErrorDescription>The declaration exists and could not be updated by operation 'create' of the serviceOV100505295700000003</ErrorDescription></MessageLogResponse><MessageLogResponse><SeverityCode>3</SeverityCode><ErrorCode>MSG07</ErrorCode><ErrorDescription>The declaration exists and could not be updated by operation 'create' of the serviceOV100505295700000003</ErrorDescription></MessageLogResponse><MessageLogResponse><SeverityCode>3</SeverityCode><ErrorCode>MSG07</ErrorCode><ErrorDescription>The declaration exists and could not be updated by operation 'create' of the serviceOV100505295700000003</ErrorDescription></MessageLogResponse><MessageLogResponse><SeverityCode>3</SeverityCode><ErrorCode>MSG07</ErrorCode><ErrorDescription>The declaration exists and could not be updated by operation 'create' of the serviceOV100505295700000003</ErrorDescription></MessageLogResponse><MessageLogResponse><SeverityCode>3</SeverityCode><ErrorCode>MSG07</ErrorCode><ErrorDescription>The declaration exists and could not be updated by operation 'create' of the serviceOV100505295700000003</ErrorDescription></MessageLogResponse><MessageLogResponse><SeverityCode>3</SeverityCode><ErrorCode>MSG07</ErrorCode><ErrorDescription>The declaration exists and could not be updated by operation 'create' of the serviceOV100505295700000003</ErrorDescription></MessageLogResponse><MessageLogResponse><SeverityCode>3</SeverityCode><ErrorCode>MSG07</ErrorCode><ErrorDescription>The declaration exists and could not be updated by operation 'create' of the serviceOV100505295700000003</ErrorDescription></MessageLogResponse><MessageLogResponse><SeverityCode>3</SeverityCode><ErrorCode>MSG07</ErrorCode><ErrorDescription>The declaration exists and could not be updated by operation 'create' of the serviceOV100505295700000003</ErrorDescription></MessageLogResponse><MessageLogResponse><SeverityCode>3</SeverityCode><ErrorCode>MSG07</ErrorCode><ErrorDescription>The declaration exists and could not be updated by operation 'create' of the serviceOV100505295700000003</ErrorDescription></MessageLogResponse><MessageLogResponse><SeverityCode>3</SeverityCode><ErrorCode>MSG07</ErrorCode><ErrorDescription>The declaration exists and could not be updated by operation 'create' of the serviceOV100505295700000003</ErrorDescription></MessageLogResponse><MessageLogResponse><SeverityCode>3</SeverityCode><ErrorCode>MSG07</ErrorCode><ErrorDescription>The declaration exists and could not be updated by operation 'create' of the serviceOV100505295700000003</ErrorDescription></MessageLogResponse><MessageLogResponse><SeverityCode>3</SeverityCode><ErrorCode>MSG07</ErrorCode><ErrorDescription>The declaration exists and could not be updated by operation 'create' of the serviceOV100505295700000003</ErrorDescription></MessageLogResponse><MessageLogResponse><SeverityCode>3</SeverityCode><ErrorCode>MSG07</ErrorCode><ErrorDescription>The declaration exists and could not be updated by operation 'create' of the serviceOV100505295700000003</ErrorDescription></MessageLogResponse><MessageLogResponse><SeverityCode>3</SeverityCode><ErrorCode>MSG07</ErrorCode><ErrorDescription>The declaration exists and could not be updated by operation 'create' of the serviceOV100505295700000003</ErrorDescription></MessageLogResponse><MessageLogResponse><SeverityCode>3</SeverityCode><ErrorCode>MSG07</ErrorCode><ErrorDescription>The declaration exists and could not be updated by operation 'create' of the serviceOV100505295700000003</ErrorDescription></MessageLogResponse><MessageLogResponse><SeverityCode>3</SeverityCode><ErrorCode>MSG07</ErrorCode><ErrorDescription>The declaration exists and could not be updated by operation 'create' of the serviceOV100505295700000003</ErrorDescription></MessageLogResponse><MessageLogResponse><SeverityCode>3</SeverityCode><ErrorCode>MSG07</ErrorCode><ErrorDescription>The declaration exists and could not be updated by operation 'create' of the serviceOV100505295700000003</ErrorDescription></MessageLogResponse><MessageLogResponse><SeverityCode>3</SeverityCode><ErrorCode>MSG07</ErrorCode><ErrorDescription>The declaration exists and could not be updated by operation 'create' of the serviceOV100505295700000003</ErrorDescription></MessageLogResponse><MessageLogResponse><SeverityCode>3</SeverityCode><ErrorCode>MSG07</ErrorCode><ErrorDescription>The declaration exists and could not be updated by operation 'create' of the serviceOV100505295700000003</ErrorDescription></MessageLogResponse><MessageLogResponse><SeverityCode>3</SeverityCode><ErrorCode>MSG07</ErrorCode><ErrorDescription>The declaration exists and could not be updated by operation 'create' of the serviceOV100505295700000003</ErrorDescription></MessageLogResponse></MessageLogs></SoapResponse>
